DaysSinceLastActivity,HasActivePromotionalOffer,AverageSessionDuration,IsChurned
3.989805872320786,0,39.26013305811533,0
10.97157487488112,1,63.38556973255818,0
11.528800883195558,1,29.298779615357244,0
0.32182180836827007,0,37.88617281099633,0
9.852672831588938,0,59.433326040070746,0
14.861479297186445,1,41.39915852998937,0
44.69383545607664,1,32.24373920531192,1
3.138659888253987,0,25.04317709395092,0
10.057130392898497,1,26.82497734562342,0
16.665226566676623,0,64.12599349963237,0
12.878688642247445,0,39.18241357891025,0
9.094206985521332,1,9.034680565909342,0
15.468796489015496,1,23.691985750365184,0
0.9872417191708115,1,26.822562713564498,0
16.30821212649176,0,44.16117532961387,0
13.06411575515921,0,20.788937052116705,0
11.034159525162238,1,50.61235471451122,0
5.5168590701670865,1,25.181178244632857,0
6.488968508267452,1,63.1645659780706,0
12.908726506320265,0,37.08352904430739,0
8.595573441346897,1,37.13352271050514,0
1.044892930397704,0,23.514952286317556,0
13.05695912582338,0,28.45780283494127,0
3.2221506189346623,1,10.14920820171273,0
12.617438394999517,0,14.763333049617207,0
21.744689465353066,0,17.014660402017007,1
7.561540602450254,1,13.810480122601435,0
5.986579562470134,0,38.95146609111869,0
2.259900514857192,0,31.14105304063403,0
8.922070516980176,1,9.119970625912526,0
0.09080956995981042,0,10.314140985515113,0
17.775466065328974,0,21.09972477990894,0
6.4692702200798085,0,66.57321056351485,0
1.937374148250906,1,71.5252520080731,0
24.399273145325104,0,8.831723778960084,1
17.159214571419525,1,34.33835613000142,0
5.957745802818178,1,8.533292104931848,0
2.3709751853582235,0,22.130709205695517,0
6.959571902426559,1,15.046970846203067,0
12.254031599919058,1,21.606124600692176,0
1.3512010663957017,0,29.273362820403893,0
7.444049508535145,0,21.432745253599762,0
0.9267932017329349,0,15.135192220742253,0
2.7466726226142795,0,33.120857738608535,0
8.580890309487824,0,35.71827967455607,0
13.628820300431014,1,31.352159458531435,0
16.732999341216075,0,19.865855332558308,0
16.67636689816597,0,32.42574166435416,0
0.6963782181887326,0,47.718081906067596,0
10.212572349785475,0,18.729093292536188,0
3.0232254576534063,1,28.770440328770476,0
12.035939038069433,1,44.88116960656372,0
10.816966784501592,0,49.94569229789502,0
24.48024735313648,1,40.74526305969244,0
12.938748881723033,0,16.13191181593233,0
10.885572148599989,1,6.500791167800187,0
11.465112943646979,1,20.798318313320028,0
49.249160573865296,0,9.794002571762423,1
17.14735284104127,1,43.955006124622855,0
1.0998119058920324,1,74.88979527687451,0
0.5070793092094438,1,12.92282338580395,0
5.7459823040649045,1,16.528807117367155,0
9.076346313330047,1,16.72328265226318,0
8.531940855822507,1,21.413480917104387,0
4.332655644043676,0,8.857874506005807,0
27.016226848152574,1,65.53250995538981,0
15.947648985968552,1,24.85927204499607,0
5.352342342934467,0,14.454411225493995,1
4.268330601723393,0,64.09496473868369,0
1.7110481754790943,1,26.20215879931856,0
10.284239478263025,0,52.53482841337289,0
18.71424510141229,0,25.951975373523045,0
15.721445565560483,0,2.065264817044645,1
0.10170417914946023,1,27.705577420065165,0
5.674042184241083,1,32.66638512486779,0
2.8238855003302477,1,20.010750763856407,0
5.62249151312772,0,15.06387594522306,0
56.46615401747431,1,22.256403255633654,1
0.4221258127478853,1,47.91913601687135,0
20.45793456481624,0,31.876575461322126,0
3.4281462566836933,1,39.703597314402835,0
7.064496007702255,0,26.348669355309273,0
3.906400605924195,0,30.030674835498417,0
20.917443994696324,0,19.285763008188557,0
1.9847838285520147,1,25.831412293445588,0
13.350915724200664,1,10.935219492176238,0
10.012668479599316,1,16.884358307731155,0
4.4255468270986995,0,66.06830737018193,0
15.00226352520534,1,24.968719895897404,0
7.47417820980517,1,39.6590966513054,0
3.884918546811893,1,38.28043583471043,0
0.6035134191160997,0,10.97166486041463,0
5.283371663056224,1,42.32386995074269,0
0.740241349220651,1,78.10434687672041,0
3.397778135561078,1,31.15868969474555,0
14.145179280203756,1,68.61552667936127,0
3.3304464679286703,0,27.43845896528525,0
55.05416012670718,1,29.26127494243163,1
3.7801058773825975,0,15.451825528106705,0
71.67091160067953,0,55.969673128398334,1
5.802942793778222,0,54.35605591685796,0
0.027279855012593435,0,71.71497867076354,0
5.224274313111077,1,22.843274280045026,0
0.21232196714942728,0,6.690857345991452,0
26.436030189813245,0,1.9484475893720057,1
11.341000790569801,1,14.178801670465294,0
13.311308748696955,0,34.75366685383702,0
18.535194622052273,1,5.042478072891137,0
6.386683457811342,1,89.63195508136323,0
8.483499450071434,0,26.33548899046471,0
0.15173024486278472,0,26.276855715624343,0
3.8556746303241596,1,45.573257174042645,0
38.72256638320041,1,26.428004304165835,1
2.1925390787496806,1,17.630149832081592,0
2.994018360812481,0,68.75393299608069,0
3.5102867363593404,1,51.005612196522385,0
1.9543833208210015,0,38.39242735460347,0
11.24926453730228,1,19.45723829003615,0
8.787828393234955,1,13.670773096430258,0
14.406596626629709,1,7.70218518116733,0
15.568297546608159,1,25.32944660105324,0
7.541604080160175,1,36.79267893341962,0
1.828427430217955,1,48.14206228630659,0
14.683845038503037,0,16.01511107539179,0
12.582159548393605,1,19.485285800834422,0
21.53522006678257,1,4.914258805744408,1
11.28775101636424,1,111.9904793252068,0
14.528774919963915,1,36.3510463459043,0
11.183626064453636,0,50.75076211016567,0
1.7943552710863775,1,11.2191392499111,0
29.22807396961503,0,20.141630756677504,1
2.056999087832769,1,26.085939977534927,0
3.0981703216829093,0,13.517614807180992,0
0.9052933539102749,1,29.67846916088558,0
37.90992110209439,0,16.9646379347132,1
7.056958210711287,0,6.219464460621237,0
34.966180033001336,1,62.01090513723535,1
9.082742657576047,0,38.76511765738701,0
18.262263840146733,1,11.40598815080118,0
22.750311596335457,1,32.02881756332717,0
2.899798813037644,1,4.082937820408718,0
1.7931570386185671,1,22.082672111639845,0
6.45743657810463,1,8.014296558250654,0
8.784638197591168,0,30.86738030485881,0
4.956558134508973,0,26.664465685451606,0
0.700331797982031,1,5.42994585358789,0
0.5278127645274853,1,17.277043278339473,0
1.4963285689069916,1,10.209242926608765,0
9.249541884905767,1,25.22548011820156,0
6.326172358430034,0,44.71327024366338,0
15.246171218600178,0,55.475107419323024,0
2.8263820674036455,0,5.674917771499021,0
8.061914605622478,0,10.223648643828941,0
2.8499690063091583,1,8.599887351303261,0
0.9051589329072725,1,52.62395581526046,0
16.3132832314588,1,22.68302627121441,0
17.90037876592581,0,51.79250251820321,0
8.215454967730262,0,42.90979639687158,0
3.266020995505542,1,10.501599093968192,0
29.9652000108959,1,122.33747110452622,0
1.3080497741693602,0,4.0178367504744665,0
1.5044689994929188,1,29.04562492111826,0
7.319245344735092,0,30.75595219350533,0
7.181072505710345,1,14.829615048481251,0
0.9092807560001036,1,23.715964358570023,0
11.992686805918225,0,37.35097419442917,0
54.093373437166704,0,7.993058449023177,1
3.2084529004548012,1,11.125867552913979,0
0.18104531796657897,0,42.654032148089996,0
6.385534660468032,0,47.81603822736986,0
22.34811363587983,1,3.0660141288281304,1
2.943539906985304,0,9.502226973822257,0
5.344383076577267,0,28.651279838410716,0
2.98064483760351,1,18.361460640776915,0
2.899859000987162,0,31.198201814657118,0
5.857922110814301,0,7.0051554705362005,0
10.7364075095822,1,35.83106029083956,0
1.2315868052376575,1,27.89378097763649,0
9.909910303323539,1,25.350913186822044,0
18.104439656440608,0,4.630338365838549,0
2.645620141957163,1,29.78733546268939,0
4.698533408145674,0,7.79273028119288,0
18.89701693647597,1,51.41537184121958,0
18.33251059817218,1,64.98675155483362,0
7.812868887888943,1,3.6926501901521456,0
6.401055914610431,0,17.2469956213988,0
9.947835196399357,1,9.254915676329766,0
13.076612727997412,0,61.137645210142836,0
9.581760096903391,0,11.783484881051713,0
0.31962318808006973,0,1.736624685070503,0
0.6622230660428612,1,34.19727642601043,0
13.687089449907221,0,56.33715358382938,0
1.546584935723959,0,42.51632825119827,0
9.708124195875039,0,44.491287412844,0
1.696490824378409,0,9.998106399896583,0
19.196003860059392,1,114.1489807799666,0
4.0670512577218565,0,48.680581359912466,0
26.748608917088728,0,20.145158371321447,1
1.3219644428304034,1,20.773946555918567,0
4.284091055662873,0,8.798479966851719,0
8.327185162203538,0,13.02439630315437,0
15.240416461207882,0,79.86714195579235,0
4.146357618867763,1,49.04851468027548,0
9.550373986651516,0,17.764132229517234,0
4.2066649080614384,0,15.478312628480193,0
5.23373685881674,1,112.45566276870846,0
3.3347989185481675,0,11.479288038110894,0
3.9617739441581663,1,6.712632586213921,0
1.5832346970603206,0,32.89850147866925,0
8.03821408285445,0,34.621137028046974,0
1.1281448634849076,1,4.723013503066441,0
1.1052709393939752,0,29.269284589017065,0
6.000639810024166,0,39.95570970094679,0
30.801440179976854,1,17.75416518303739,0
7.370007305160397,1,5.078310589674315,0
6.651903003699363,0,29.82969949314842,0
15.224122310642848,1,17.041778660149802,0
11.79059097797398,1,28.376322128445995,0
2.6229287517181206,0,12.413597539703037,0
21.243606966068775,0,31.54952330524784,0
12.733116782528118,0,21.032849264345977,0
12.554281494821936,1,13.36294734383496,0
6.39659246016196,1,34.326567768848165,0
5.865725894982087,1,11.620052509196391,0
5.2989888395104,1,81.33690293595376,0
9.781009161451857,0,63.40704963719246,0
8.304998907349328,1,5.902375040891258,0
1.5956401174719232,1,19.316878605579234,0
0.9404103634468653,0,13.081777871864967,0
9.29431165021513,0,24.566883190874677,0
0.4953809439481927,0,39.84310991355586,0
15.046111112793486,0,58.1940972470807,0
25.9262224928929,1,62.92010249868265,0
27.851479247429168,1,36.699762067245054,1
11.371568494506864,1,59.97439272302374,0
3.111087159914352,1,15.995945042876384,0
9.794960376426914,0,8.928141825639742,0
16.718123801439106,0,29.1569217720394,0
37.80283331450785,1,13.379373622073643,1
9.587288036058505,0,58.38208971649641,0
17.407791367435593,1,30.46758441375627,0
2.965621936297293,1,15.16008513309271,0
6.478567047975661,1,24.65402121093457,0
8.033561903041871,0,21.922280374131375,0
15.193346849270188,0,10.247375279692218,0
5.896026495077789,1,43.37004125533437,0
2.828890954627654,1,18.704586803680346,0
19.935633165247882,0,59.53439969337136,1
0.20580987348022453,0,11.367532569855545,0
20.529211889825817,0,1.5175661185807543,1
1.01781429163095,0,95.15989101026835,0
8.486804225074309,0,45.29100349194161,0
12.552863214990449,0,17.431464301121917,0
2.6307646493410415,1,33.63355701990736,0
3.3803909689648357,0,53.16669607393041,0
6.677777273002209,0,47.29495348644337,0
2.2722451872442564,1,41.973485037634305,0
3.1380748839390176,0,56.101798812713845,0
22.814597160421386,0,12.71337662209168,0
38.41580085558349,0,43.200195612545485,1
19.002853254554385,0,7.2701229636583085,0
55.26280379330416,0,30.351250346042374,1
0.15025392958365194,0,53.33039642095759,0
1.7199379265396695,1,19.613520909365494,0
20.839372351497246,1,28.026795396313208,0
2.090506956268547,1,46.76190843906248,0
0.47236005957434357,0,61.368082024798575,0
2.545914460622802,0,45.0336438841058,0
8.068515193852456,0,17.614951528967996,0
6.603504102958379,0,30.45084830487949,0
2.904079693296982,1,38.71481157900128,0
3.7246110808136463,0,29.516513259242842,0
6.78154625796633,0,51.60886859388886,0
2.4203822465405276,0,22.57696124542625,0
3.401619413902202,1,6.611852076406126,0
15.25034251452691,1,29.913018618390037,0
20.788711276881727,1,10.191240999761801,0
3.6500093274902286,0,83.03719230190532,0
12.709019253862472,1,57.52195469827303,0
23.523248887064607,0,16.405664703475082,1
0.45653229030896664,0,105.23902851081066,0
14.790194220439485,1,69.05920505050278,0
0.9910306528093976,1,46.73818922574274,0
7.7605018094341185,1,9.525459165002708,0
25.986702544050427,0,36.60453805103577,0
4.053687920809896,0,28.994178845521795,0
1.0715839035870736,1,52.83051092322491,0
8.43215450380389,1,9.161208389504056,0
32.6392917179782,1,11.571196755893617,1
1.4694612299571352,0,26.427076903466517,0
0.6217593569865788,0,36.69774946628439,0
28.360257529412188,0,19.847033471337387,1
2.570987835824392,0,26.112227423169383,0
8.998471696939843,1,15.829815719956775,0
8.816490726924913,0,32.25845449801963,0
26.785604884738845,0,37.48407725262823,0
0.29203129403315214,0,50.21696640901069,0
5.881490052346176,0,33.903270822629764,0
0.8600120744185892,0,39.462284353554786,0
0.11024290765929554,1,18.57545368864718,0
2.863844265519701,0,35.32102368012326,0
9.589840485387167,1,12.86086346208525,0
0.9421280430055403,0,38.99639378078731,0
17.76917178196349,1,20.21675481002084,0
40.05160437483639,1,14.429286871601409,1
8.167963156404717,1,84.70951522225155,0
5.217464599786501,0,44.7479742237013,0
2.512313121736878,1,5.8443372364108725,0
12.75067903024759,0,8.116009694012982,0
1.3271001192526093,0,67.72170977519355,0
19.790738291515588,0,39.604208706773555,0
3.8222539633487402,0,63.90601189797671,0
19.877447163772867,0,15.763781114449124,0
5.164992240754688,0,25.689791969227123,0
28.797930594979853,1,56.06348892862414,0
8.04241422771203,1,31.794683749707563,0
10.999177135052667,1,66.59516556956669,0
5.239305319140499,0,12.39898135036843,0
11.085089862132271,1,63.715122889770996,0
7.327421926213088,1,13.644335839568592,0
3.053378317524254,1,46.689299804066565,0
8.578241943271777,0,20.577853319630933,0
11.847487683893657,0,14.070122276008146,0
7.281523781620805,0,34.3121093542973,0
3.3387651200126167,1,13.021098799897002,0
22.306911570175984,0,1.3695521234971884,1
15.477507682649703,0,47.47673417360597,0
15.189028579540444,0,22.206187281964937,0
5.363207972315005,0,72.60685850830916,0
6.5320165190171835,0,6.430217368922296,0
0.31618993733267364,1,85.03111532236545,0
19.327797270685963,0,29.168038077543436,0
9.525049340469078,0,47.506877415008006,0
0.26444743710050467,1,45.22471485375301,0
15.940545477931456,0,16.215879757008818,0
2.624514799234598,1,22.76834410114127,0
2.3166422542439005,1,19.134643660258988,0
40.00324374646262,0,15.312799793622183,1
14.124723045247151,0,42.54121398075781,0
22.57918089056087,0,25.30643311480814,0
22.50466737117788,1,13.696057194031733,0
6.046492690201538,1,48.90102381492357,0
8.89527710925573,0,5.227503512076387,0
1.3216575979723704,0,11.624111860188608,0
10.257422945473047,0,24.395506543088352,0
8.669417919958228,1,12.82962184602179,0
10.329709194755889,0,79.2662996649366,0
8.930972514318897,0,46.87496037892188,0
0.03340447874526684,0,37.58449051098557,0
0.5005073493681712,1,4.823127872845509,0
5.646899423182541,0,13.51113208958335,0
1.834424018943126,1,24.11117693113435,0
6.14564795722546,1,30.42619219663749,0
1.4518784501881394,0,27.509179273880985,0
8.143877062711583,1,13.09988238880245,0
4.164701996563908,1,36.252738103917174,0
2.2773514135377866,0,31.502212438971732,0
0.6304860436512338,0,39.53634029889819,0
20.03172690188233,0,17.659732450512468,1
7.620088315397057,0,19.59496576016987,0
3.8814450222816994,0,7.426357836647305,0
19.798912519574262,0,89.87654128611663,0
14.887125049499284,1,19.79644148327567,1
1.1748024644359256,1,52.849168668463896,0
22.07644358864226,1,42.33863755152613,0
14.313886475156714,0,11.0071842107268,0
7.680632003586477,1,39.08321974154914,0
41.86596389057762,1,19.077621103191674,1
25.49847338094231,1,26.51744887830509,1
3.8496473283236976,0,34.78002985386573,0
25.574015637639217,0,25.836033883599946,0
12.678265483900162,1,47.698824706920725,0
18.22474955767608,1,22.301501779522024,0
19.66264676519174,1,34.64332072951995,0
23.44462729954538,1,22.243443285276626,0
7.5271542184945055,0,9.143134954827742,0
9.95924221979026,0,20.991745201915343,0
8.876023941734061,0,33.642335008635186,0
7.5366654208453445,1,19.485451153689617,0
9.07232766547964,1,47.978007180308715,0
7.892499905878621,1,14.01917488414587,0
8.18797497092696,0,8.220365817158253,0
1.6896195396555385,0,10.647115029987079,0
2.976712673772584,0,24.475474100206583,0
1.704532500657979,1,19.880072158797514,0
15.007130909985628,1,34.18534719390856,0
22.810652828268555,1,28.279606127407735,0
28.171768218679386,0,25.151942004511746,0
6.191619879382265,1,24.9838018842158,0
10.969250224870528,1,15.68675226613703,0
9.839373320839906,0,44.391762905276494,0
8.555943256232572,0,52.50761935542562,0
24.73193139675245,0,14.77082422476579,1
5.758686339594789,0,23.318409387676468,0
0.9287571142870963,1,9.488072564564408,0
11.226750203342409,1,33.61299614817553,0
3.2402269050031762,1,35.948769185123936,0
0.26576289666043024,1,19.418289002879973,0
45.34349546839194,0,45.68480473940556,1
0.6030654771522048,1,32.35468753473873,0
27.874085552479198,0,4.6723983906814865,1
3.317392439796134,0,41.505985944336835,0
3.490499669757668,1,21.716026175572726,0
1.0876679206172541,0,45.90221270082675,0
4.603069252067263,1,69.88890533025314,0
12.3270325983143,0,19.65189806126541,0
3.703977361892199,0,23.82881808879417,0
5.003198058455627,0,57.782448115376475,0
16.058505305728083,0,20.472188647903742,0
13.608618072410648,0,37.732697599349706,0
24.469953810841698,1,15.70299300396078,0
33.2456029355202,0,47.019449322592116,0
0.17032499707200288,0,21.866605535242197,0
3.6708005762755724,0,23.63353707509885,0
41.57830569421084,1,18.836950942410514,1
18.725251707454213,1,17.009401176981566,0
14.580056224302387,0,56.58050631026374,0
19.14491784444533,0,32.21539560219094,0
1.1536767880161138,1,90.51511393289874,0
6.246788716075228,1,43.273411668284965,0
7.363059450656414,1,16.407337307516617,0
0.8066120708342621,1,15.303352439951427,0
33.03628913444164,0,39.2551588227397,1
1.659819119702386,1,26.14994598494642,0
21.36319033688256,1,65.52408042562466,0
1.2888157915578244,1,29.153950857923515,0
4.436594303950619,1,59.098091369845605,0
19.525217242173426,1,15.593236394441314,0
3.6594667158915826,1,10.655311807486994,0
3.8103804911123618,1,20.224316970782034,0
19.895889595599535,0,18.066433671766273,0
12.523356700593919,1,15.1455959348649,0
26.83985519347223,0,46.92259081877285,1
21.60664261728421,1,22.685197465263553,0
5.03823173196826,0,27.62809104979047,0
19.496738706674115,0,42.20408167585453,1
17.257120579070808,0,9.026514122737527,0
23.85037584723451,0,6.758043463310911,0
2.6774891256778415,1,5.651927356598033,0
5.863389891189875,0,82.94113322472722,0
2.6981152668358033,0,17.1444388333613,0
8.90599776052947,1,11.680221895803488,0
1.1105422307777852,0,13.662679637522876,0
2.7260906947472603,1,2.614818110977039,0
1.864393036886268,0,24.421021627556,0
12.864948324760789,1,1.5305286745614317,0
11.066467627715841,1,26.22644608266263,0
0.3713696165178524,1,7.107592913673921,0
19.706435436940147,0,3.433573509575108,0
12.457857284999461,0,74.71740695221897,0
17.382211913706843,0,17.465569290361486,0
22.06298836184846,1,79.24567204655438,0
3.962225724289468,0,56.2061241162801,0
8.31401706882691,0,72.15839690840524,0
29.150139265653724,1,11.791400707899857,1
10.014418434424295,0,32.001550737172586,0
19.92696123021703,0,24.474771607776383,0
2.9966325065519417,0,37.025702363064575,0
3.480530223592515,0,13.49453570930367,0
3.3161476051728322,1,19.352337808238037,0
7.2834783867865704,1,50.7025995829223,0
11.993068012748413,0,35.32697146591498,0
4.495220129340031,0,43.095664667044595,0
9.564478805836462,0,51.3636034017513,0
28.122191977646143,1,2.3810443725700767,1
20.229811827580008,1,46.832295639337886,0
15.272386075868905,1,33.33798347835249,0
25.747275330267144,0,39.804246064167245,1
37.263478067875155,1,21.815482600555054,1
1.6293608433481839,1,6.528530183324477,0
4.3771939431008775,0,34.74953314922048,0
0.10627914316865465,0,12.154587328327752,0
8.80504784831183,1,21.64775850626632,0
1.3748118871228692,1,84.96747939066557,0
14.183952589931385,1,14.29792438676771,0
4.772071035343263,1,4.826140733717735,0
37.81050650787928,1,44.85122704224403,0
7.720775474946096,1,38.815384508744785,0
9.070522280184948,1,39.82138458055507,0
2.2577738912391134,0,23.95854706761201,0
11.810722104373895,0,41.597752475492676,0
2.6627058747947725,1,17.885219571156576,0
18.180013762879558,1,58.111504260870305,0
10.346472096339623,1,42.414299387970175,0
2.11972277023108,1,10.358077661964836,0
0.11717812477594508,1,26.47174868431129,0
7.6200694788808185,1,58.7728231523804,0
1.629776775404357,0,48.1463213208021,0
5.954485943575101,1,17.432795679540693,0
4.467777401586648,0,42.189383814622296,0
16.85605137572003,1,23.58871993642903,0
6.361939911794101,0,13.909964935746524,0
6.188300785489318,1,44.21447122055787,0
5.712419551283013,1,11.907189194372364,0
2.37871714380864,1,34.110161473652646,0
9.326455214836791,1,107.15909748342168,0
24.28507986494667,0,39.456345062677265,0
16.58419322007219,0,5.639494372948398,1
11.410539065750116,1,12.387300718353398,0
8.597627980917942,1,43.21240339956724,0
5.828953057346649,1,36.67694226381843,0
12.878292903721642,1,41.03931990116787,0
24.150050619004197,0,9.052891425360718,0
12.564387378500907,1,65.05564442927938,0
2.4676779222828134,0,13.079733546305034,0
16.974710037764705,1,13.15347412618499,0
25.433485838244046,1,57.80178575061936,0
12.221486305568458,1,37.39273514553965,0
0.20499017030400363,1,42.81530829711002,0
2.337575707063121,1,129.71669259977244,0
12.542703166698805,0,44.92934775289402,0
17.906275246565453,0,3.327470796824615,1
5.848559463409469,1,7.6321015390489935,0
3.3221898051726773,1,14.27816651818898,0
17.273089312277953,1,16.348955197102928,0
5.808628851715972,1,34.50396827138151,0
8.614980926680762,1,12.38896395122033,0
0.39080946435770486,1,22.02658935911757,0
21.0271677450829,1,9.861020784428245,0
12.312354051877406,1,21.282345436493465,0
18.529478801125443,0,58.78269697330922,0
24.72450905553075,1,14.03945279176772,0
20.11559144725734,0,41.08496011066364,0
11.567918394685554,0,59.84317541113761,0
8.228816202649096,0,36.89209949038164,0
12.18402006356331,1,53.96517996767564,0
5.326017884845059,0,11.800193385887471,0
6.386990433039015,0,34.110289462491636,0
8.535413114810032,0,72.41605645590823,0
15.467648699398126,1,107.83303244237447,0
0.5000524462454363,1,4.607333814223456,0
7.14615271389534,1,37.229311180425746,0
7.963280760315728,1,51.405743153766835,0
3.449825074382514,0,6.829775232473656,0
5.476963279865764,1,38.95301780703621,0
12.125541090137704,1,27.465995887526358,0
18.249517593791495,1,31.763966889044283,0
23.283186814553254,0,10.007581988444938,1
9.886112441656893,0,3.325031924139818,0
2.9547058523829306,0,25.45352915813436,0
8.444910336466352,0,10.243325081564464,0
2.2327008461284423,1,44.07197157783878,0
6.021053796241644,1,4.774312481999302,0
1.6357925933461825,1,28.482559109965038,0
4.889345718614552,1,15.335745584835344,0
24.147032636120038,0,18.533057245684404,1
10.196492445213503,1,35.68898946391404,0
10.14903971344756,1,6.181186176127502,0
7.464847195031087,1,15.535032566825159,0
5.4590506798561735,1,57.331804125690326,0
1.371753061388167,0,11.865047032408857,0
16.74569267033017,0,16.85766665807874,0
10.434734618262784,0,28.47005972344704,0
6.685219747635243,1,13.327540613835847,0
12.16239468912283,0,11.330359804548793,1
6.3869372573067995,1,17.77056700949817,0
10.110060296021606,1,20.838171902428712,0
4.298463796776013,0,13.391909820575327,0
15.198709695383265,0,4.190453725930264,1
10.75183786956159,1,18.097880690113296,0
0.49688331670026686,0,43.551130616110726,0
1.1746561830165685,1,21.825363701722388,0
3.1593111458632928,0,35.201752481162195,0
21.234255285374736,0,23.629703986749163,1
3.957641436195929,1,31.358811995820897,0
16.32019634348222,1,58.5176259542857,0
27.886469508798033,1,53.24148808799977,1
18.61881648925405,0,105.2620169463288,0
14.160786280198296,1,37.20552707257882,0
0.5549348369442085,1,53.40814331368209,0
13.458210566525974,1,26.088146374443994,0
21.783453612534483,0,22.032009479482966,0
8.127376086147303,1,25.691331642150416,0
22.77339642666092,1,59.005328641906054,0
13.791569699858723,0,4.929042217571059,0
8.70247374363927,0,3.80744382172033,1
11.894836054083575,1,38.33891036080196,0
22.293289573172075,0,38.24298939573744,0
6.009053439534036,1,18.57369696890508,0
7.833533478719723,0,27.60305090415422,0
20.173865386445343,1,17.404244661491205,0
0.0010708171437304919,0,16.054752095107556,0
9.87317979416917,1,34.50089951085004,0
6.228748463255429,1,14.300848135101274,0
5.765065108857232,0,63.854890841892065,0
7.463946471956572,1,18.24037664931555,0
31.6228884036913,0,13.918695251203154,1
16.340546914347353,0,26.99533779087658,0
0.9314571402460741,0,11.002743892810104,0
21.489917986352868,0,56.6119364384003,0
0.46930958121932054,0,82.32646045160934,0
14.458913370941385,1,39.43484563348215,0
15.517883248195186,0,16.904023622275023,0
1.9599606827897345,1,47.927069862533266,0
4.992301150885593,0,8.348391090582554,0
15.570073499141824,1,27.49540712071992,0
12.039021783296157,1,68.68466108145029,0
6.007179275649047,1,11.738023705641112,0
12.54656044118886,1,28.58019079570409,0
14.604091316294042,1,19.042706876706493,0
9.840708188569463,1,6.618224154906141,0
7.856336920027447,1,37.839136161374796,0
10.993185976459559,0,68.29248006949908,0
10.44858882112072,0,2.496145139824293,1
1.9166772380234895,0,27.32113151677294,0
7.736369747528872,1,7.876507919619927,0
43.24082115151053,0,38.386946416862884,1
7.008833812167912,1,26.43194127495879,0
0.661278734575935,0,26.311820442655502,0
41.54116282452235,1,10.076820984172254,1
15.911793243643649,1,3.3747934097023236,0
6.851154730777295,1,18.35330939540617,0
31.387464239843894,1,13.767641865194157,1
14.396977743041493,0,26.989136339993603,1
6.581625072295378,1,16.565325752295447,0
0.1685990193574341,1,45.92787964924631,0
9.277901893382843,1,29.095608456956946,0
8.225593084981156,1,6.249356648400099,0
2.0200483628472976,0,15.545194672458729,0
0.19288745491974404,0,41.877322655309165,0
6.569878082547341,0,15.663894633600309,0
5.765928684273648,0,36.19890103080548,0
13.365865751171519,0,10.941117786459039,0
0.605217676405303,1,56.290987482069376,0
1.3163453369816143,0,71.85854249333167,0
3.0448721723085574,0,54.98058800218003,0
2.9278269285190395,1,30.531841513459728,0
1.3390045662499688,1,32.87857105151657,0
3.3321809506407742,1,118.33959814958972,0
10.705731064789294,1,32.201244967402566,0
2.214658660160806,0,18.258527603765096,0
3.532264280477912,0,31.607866323177163,0
28.602003982544424,1,22.364835700501754,0
3.6224619404535154,0,30.747806546212974,0
4.271926788623147,0,20.42080741392483,0
2.3795236330243466,0,92.68563384496717,0
12.606880385264054,0,14.495681894568948,0
24.725394073544283,1,18.639906370302665,0
12.63616113897089,1,32.39918262238058,0
11.054856583519388,0,12.194635380179095,0
22.545241472886488,0,23.947498428816445,1
3.326658012921384,1,14.734810514624808,0
0.10116633058634895,1,18.345219956643366,0
30.296133925886735,1,58.91054848648951,1
7.65788562360859,1,27.97356243614761,0
3.6732200304389084,1,46.821682412955774,0
5.121994551006327,1,55.71967523757696,0
6.44645739983416,0,8.285521906643115,0
4.874731740322628,0,37.62294672063206,0
16.87973333819835,1,34.054155079198125,0
4.836089050958921,1,19.251494025040536,0
5.091550500644412,1,32.58533449052992,0
3.2482032395928213,0,18.748083083796306,0
3.230371421491776,0,13.44684749026024,0
8.18332871063282,1,51.78977394382518,0
5.134063208887879,0,57.69900722093851,0
0.9529612219909998,0,40.31051353025123,0
19.528819178222015,0,9.639183546475055,1
2.7043168887515967,0,80.25919053257768,0
17.088470812555563,1,52.24719845555563,0
4.452677031632829,0,39.72312880207717,0
0.059717785315847115,0,18.084122360354268,0
24.63858766633483,0,21.590423835106392,1
22.384504116754794,1,12.409973037698077,0
0.6480499789741683,0,30.161507384583935,0
24.710456158444565,1,27.652543927054445,0
1.1992995474659092,1,118.69179751277574,0
9.39996120098243,0,40.05979121857444,0
21.387233822316087,0,9.304936117450962,1
18.521311595759965,0,2.6713688074638657,0
4.67505983224152,0,41.07082090231783,0
3.417715976209637,0,31.95163872043578,0
10.752926475980447,0,2.264447000135351,1
4.151508093357221,0,48.72591161637436,0
2.6486497764131562,1,62.57690037202435,0
1.8930440523351617,1,7.7524206282956625,0
2.629513239214114,0,23.247990580631985,0
4.885858693412209,0,28.71862769101472,0
0.026237522433723817,0,64.58821686418268,0
29.155576368455595,0,16.02842556555136,1
1.4329000286233757,0,49.61963412788135,0
18.571376289627445,1,8.619960833260562,0
6.574637394679545,0,25.459686636592068,0
8.609477773257417,0,23.472220658351176,0
4.857109637166472,1,6.201855111689851,0
3.8314548414100207,0,18.08743853445287,0
0.6128159203022866,0,21.140207089403333,0
23.306094698044603,1,0.9698428122490786,0
6.261389558852781,0,19.06292210623627,0
2.3132994469024517,1,12.58249449921671,0
33.46884195496185,1,136.73217289626623,0
2.9838121527507635,1,60.73933873843238,0
12.512221166834475,0,22.021631590080187,0
26.638907590463788,0,30.712376911674944,0
20.138555970404802,0,7.372716556304814,0
3.175067253474308,1,29.863646315080068,0
2.4612051485875592,1,12.175815126173099,0
0.7645287091491435,1,9.316949363706001,0
21.908546517629205,1,33.98710990133948,0
0.08337861773540306,0,24.848942953696564,0
33.48163578426722,0,24.711878083475558,1
11.077956461248508,1,90.82065480820596,0
3.7370219818402144,0,23.151203972999383,0
3.8451983688219493,1,42.74753438214013,0
16.088602364105956,0,77.1679621656355,1
5.222764146326742,0,0.21641984201307748,0
10.754783282462693,0,18.381418737603454,0
7.416555267144817,0,29.35831594379649,0
28.316035617413753,1,9.691973650240286,0
6.532999604172868,0,13.954726517267488,0
4.7292808253813,1,21.41784650305175,0
10.41549920233168,0,2.043015059344856,0
13.99898050238746,1,27.16296819800647,0
0.20557644356273397,0,24.39799326687785,0
12.199636252447895,0,35.6194030204623,0
4.964832351322127,0,27.337157491742538,0
1.9829089421888062,1,17.01218771445668,0
18.650202702990605,1,23.578073354535476,0
4.1442882301420845,1,23.436059898875854,0
6.347430374538913,1,27.5984594927365,0
7.731643345746168,1,94.88437484363068,0
17.921711560769303,1,47.62510956153013,0
9.031987862241959,1,44.31841467465557,0
1.4610755962083846,1,54.72558603656269,0
8.228955857213743,0,18.82623643993843,0
0.5294656242711853,0,26.808229414222716,0
3.909230205599623,1,60.24893406268683,0
0.6851405167109154,1,16.631335312105207,0
24.985419800662463,0,25.859625338127596,1
18.54638670563633,1,36.59328558864889,0
4.461675080518987,0,14.686037246273584,0
2.252800070898343,0,9.771629499334532,0
1.312526637484264,1,3.9523942036747806,0
19.020916696788504,0,18.843981949086082,0
21.13236116610514,0,32.78315749228786,0
4.013957814051538,1,48.34971555762536,0
2.1391456260953716,1,41.454370680752056,0
3.2229960117625787,0,82.90876365400675,0
1.1264049998962504,0,28.8616208828469,0
8.779563898568266,0,42.85215888690817,0
21.855558441890317,1,130.16480462234014,0
7.279469693053191,0,7.172955728382924,0
17.97324157078779,0,43.64867446061015,0
1.9385394833000769,1,11.863078457715124,0
12.829352143257626,0,15.757093688993065,0
22.795126941065664,1,29.553756245062168,0
37.313168626670496,1,5.033656234871724,1
8.9065632390257,0,49.49259211478821,0
4.270908072845568,1,48.99852828934185,0
13.914688125575998,1,32.952416003602956,0
2.7117937145791835,1,34.288323919901984,0
2.085957563628232,1,20.66995213089734,0
2.6743134200905083,0,29.420934234017633,0
3.9371712762441726,1,13.642285814218196,0
8.25767772117725,1,6.247399110225667,0
14.288842543785487,1,10.051350275126891,0
9.819238582471643,0,26.077715577913054,0
2.880681633282689,0,23.02627661723174,0
3.7069618644087985,1,12.921566459840122,0
40.34944830508597,0,73.62819839320171,0
42.622104932554365,1,52.91155966202048,1
29.974996968267256,1,34.5225985900991,0
10.409851988597543,0,8.977105409702903,0
3.6350111356486647,0,8.930169089913791,0
7.714223568844788,0,71.08821167586174,0
5.215494151711333,1,69.4355286724367,0
8.914208262972618,1,16.456272248649753,0
5.766442712173471,0,36.68368430455324,0
35.220128278094506,1,30.739101588267765,1
12.427989175475659,0,44.03478515777116,0
10.982930442005163,0,54.198312207629314,0
22.943635287001882,1,42.68755918690103,0
1.1126507393470322,0,76.39803900454375,0
51.62686053920845,0,17.46951593174377,1
4.225963850829911,1,63.3949174820415,0
37.80110632710465,0,58.093529283331755,1
20.657641350896046,0,11.169268643143084,0
3.606398066160849,1,43.25916047542576,0
5.017986248263209,1,10.87041944641678,0
39.72372106776846,0,27.898393478375866,1
33.655644385107415,0,37.94131271911357,1
1.896702027388451,0,34.31817814205246,0
0.7727752753949171,1,58.69940171365216,0
1.4166886905396812,1,4.438014440477068,0
1.7125867962142591,1,51.541581576364706,0
2.6785712391679564,0,42.151309551125195,0
0.2392973394742891,1,5.282757751189533,0
12.672733898474933,0,31.634755821170625,0
15.269143559694314,0,40.82996645802845,0
5.058216486416517,1,6.766011499369501,0
11.590158092447737,0,14.322511666389797,0
14.964262340961827,0,56.39892703907618,0
18.079468173636343,1,62.95515189552985,0
27.0832512236899,0,14.007078614166025,1
3.746654353195284,1,100.19862614586354,0
9.821858951616422,1,19.74864249616867,0
4.233297812264149,1,68.86088959157422,0
11.946123858595225,1,43.13261270524012,0
4.087322554594814,0,13.391348156224925,0
1.2932988385797093,0,33.51264398217131,0
0.209508363939124,0,64.67098773930118,0
39.48831950392645,0,21.123850816260106,1
6.888528731714363,1,25.364670752588513,0
4.714646813265063,0,19.282708291245786,0
4.28731785096147,1,20.753010639381937,0
6.5177812027962645,1,26.930432611102212,0
2.2815506873307188,0,47.38938480747385,0
20.110730804252324,1,31.351085235170395,0
0.46153235336135084,1,9.78655505005307,0
3.181271220919265,1,41.8715374112243,0
1.7587534772981293,1,6.035589435853226,0
10.798627692250234,0,14.14356554080113,0
21.454743066589774,0,20.906383060541827,0
4.744409736565193,0,49.036301996728895,0
9.559693626293347,1,29.434722718996277,1
30.795146497269457,1,17.50809182481083,1
3.165153649380282,0,27.677814932424145,0
20.960604081674248,0,11.871944707203456,0
7.945846201486029,0,4.105535840477483,0
25.16285616589911,0,14.729770383851518,0
9.451123405257864,0,48.774181141139636,0
24.138121906872847,1,63.44542083510433,0
10.325119256439672,1,48.10446714145187,0
38.99502710899912,1,17.08346806662108,1
0.31000834317122206,1,10.748115849847585,0
23.44776276485827,0,18.353723679880094,0
44.643945769133985,0,44.959625317096304,1
0.8155461860105211,1,59.53177293539662,0
3.2057512035777895,0,25.703132324746786,0
13.637324200697744,1,26.45195527819098,0
73.16651758816306,1,37.88796099445171,1
13.266090701457042,0,19.84483633255472,0
1.528293037574694,1,57.307030421343775,0
7.1728543558439455,1,21.62529498493409,0
6.628122482477702,1,24.225587440778675,0
9.219441376111067,1,39.38738385580438,0
0.5526320372663525,1,53.85415689154775,0
47.50883687405707,0,55.97481521996093,1
8.501440056057213,1,4.617146325211658,0
2.0120934319142307,1,14.394911456607865,0
1.4555483264766533,1,11.86698926212428,0
7.7632112546868335,0,29.635852861344787,0
3.833779347229062,1,39.33654943110531,0
1.1809514139182233,1,5.583786782513033,0
20.501769091948496,0,44.61791697739723,0
3.970163795970809,0,17.695455117837177,0
1.7889185712449962,1,19.625869021704485,0
19.634951534876805,0,31.964704090609903,0
7.51728712507154,0,18.201318193037313,0
13.455982281569622,1,10.315109691592617,0
11.723036483992606,0,9.505721888983459,0
0.9358652431745877,0,29.103023609515887,0
11.308091222327763,1,5.079526947440934,0
1.8092630484347991,1,5.723791631383431,0
0.5793696118774885,1,15.395091515842168,0
0.05430161555424012,0,26.30267878976168,0
9.253729444557276,0,38.75591524988348,0
7.000399341848647,1,2.4395070184502243,1
4.110108989420702,0,51.48233374237158,0
11.39153740116984,0,73.51357942704597,0
2.266584781502807,0,18.894372172196572,0
0.8324146260789571,0,40.57737603005311,0
19.790146556043606,0,7.948162456008926,1
0.5332666912168021,0,62.997183307417735,0
1.0981115543012308,1,33.51924746933893,0
15.656357475839222,1,52.66292421772265,0
1.5046149550978374,0,37.85727351613309,0
9.080895119888135,1,85.31812987723573,0
5.8306332163949275,1,16.79223610448282,0
30.505730023747045,1,27.303625533289438,0
15.661119163825422,0,10.731159373501061,0
2.1234001005811995,1,21.76688337141479,0
7.238007072328085,1,8.713270791890032,0
12.824787657009571,0,29.773251219812586,1
13.193651561553759,0,18.46013617993446,0
6.013982989028413,0,33.62753846888701,0
2.1615179223392404,0,8.39855347006606,0
7.7401251731308545,1,9.76264283042104,0
31.625180402848518,0,12.226631028998348,1
9.913334041337105,0,4.533221836771388,0
12.492494783555173,0,14.852956770011197,0
5.9996617374083705,1,7.743420659422727,0
24.630931724453802,1,20.031265516671205,0
10.379691946996285,1,8.010993614210387,0
13.981149327866518,1,16.426461238697797,0
0.16855119433246302,1,29.159665112773574,0
3.8206258716848778,0,62.0235723577383,0
2.698853913862747,1,10.820771923869188,0
1.279647718056625,1,24.684658723357067,0
0.8119730518513542,1,58.58893116165702,0
6.8809671247907955,0,53.72940107648388,0
10.834515164451881,1,48.57914506647176,0
21.58949832024518,1,2.574492331446689,1
0.5252872814708877,0,33.04337690018899,0
5.168125713488659,0,16.791788566347172,0
33.93328384953819,1,27.13363572598394,0
1.2222202537475373,1,25.29773789361247,0
7.088028351473733,0,49.59924965322808,0
21.507517996088584,1,16.83990030823059,0
5.153053427981282,0,12.629425676945269,0
11.7013686527695,0,23.853584693676698,0
8.308186683243349,0,3.010675061009039,0
8.435764826350686,1,13.253470858904345,0
0.9541085684200341,1,15.351155294278588,0
3.0290829820424108,0,22.604861986410505,0
4.568259574959001,0,31.634530179956087,0
14.597865918717316,0,18.290800520938102,0
8.640409729766544,0,17.73893877723833,0
0.1633153633068413,1,25.090964403688996,0
7.844732815357622,0,50.75221299142116,0
8.640613707389438,1,61.53967179902337,0
18.46578893758323,0,22.342930859491805,0
5.171582477271421,1,21.681698814464188,0
15.63514575444973,0,68.56497473578497,0
25.076701367700302,0,22.956817409497333,0
38.0662806337904,0,47.41961623897889,1
13.441241766838603,1,20.133170448018472,0
4.760062716528751,0,30.34793232825153,0
8.168694539394195,1,13.155423419906029,0
25.9753660902264,1,7.231978574947365,0
6.847757536385968,0,42.31935881245893,0
8.730529782006348,0,9.342016263059122,0
11.411062887150106,1,24.214394177379138,0
4.917384232010224,1,7.693939672591942,0
1.0177185925575125,0,21.823818195310533,0
5.877663062613731,1,30.289293558878622,0
14.966027460360475,1,79.40096579608618,0
15.975582844949267,0,26.838073516842663,0
17.635329721622043,0,14.311431524470326,0
0.8385761011106886,1,37.198981709476115,0
7.33132097969807,0,18.29008633877281,0
25.035167653803413,1,14.331779615102722,1
8.580006243369304,1,5.508682549684779,0
3.6713543795561803,1,40.83710587925571,0
15.619594345773255,1,20.05802573047621,0
0.5258461685335871,1,25.873088623761543,0
16.664319840001248,0,17.96955511523568,1
30.139585971174956,0,10.239965597072926,0
49.962721206736774,1,13.025945070546626,1
16.41729905883768,0,26.646240066432508,0
55.426345488952116,0,26.707166455484398,1
4.1523080537894375,1,2.739922149135651,0
0.32066033203051747,0,52.14125382331384,0
0.64681516600536,1,31.17277674932336,0
4.626096874092008,1,21.360346071117505,0
21.762012348125225,0,44.15567562393165,0
12.866808545279586,0,20.279330752983192,0
6.841345048327265,0,36.10957139299613,0
9.51419296800353,1,15.588364707426452,0
55.92060512270736,1,47.27601520758482,1
13.702733781131078,1,72.38587962056434,0
17.18452613347885,0,21.397446249185915,0
9.73386187120498,0,3.372743048809131,0
2.1240586584122223,1,14.924258715452648,0
2.6275535288656906,0,3.1675421513062934,0
23.583240501553636,0,10.601839531657692,1
0.003494369421062438,1,51.16856465486118,0
0.8826545660368164,1,51.0012656370976,0
0.46770294203462437,0,19.13287294954978,0
19.11670558820148,0,41.2687408075746,0
14.181435237911511,1,10.748469172187258,0
19.820335056353397,0,14.16548722045213,1
17.46461834041813,1,12.63712752651897,1
0.7844903563658691,1,31.240936664800994,0
7.654881562376817,0,38.04345224827584,0
0.7072389424253727,0,28.305235543749596,0
2.0673452130646788,0,75.74346920596187,0
2.050570624364835,0,39.31939073194183,0
25.98208098986561,0,41.03184556611007,0
1.4826473611765711,0,23.23813462551099,0
6.714087931755471,0,22.531209973574324,0
0.532240081151794,0,21.97614488771838,0
19.425233821111608,1,33.83710288334621,0
12.134664251540915,1,39.829543495517186,0
10.016217694735968,1,22.950208472882274,0
5.137177294946479,0,33.309855930821165,0
11.525100807718013,0,24.057032054556,1
17.258282453923318,1,12.955516583607608,0
13.627626565190912,1,6.774013264474606,0
0.762767196840583,1,23.694436883383315,0
11.499452972221299,0,55.16065455662371,0
15.70439349927522,1,11.914062526871042,0
23.90675853279817,1,30.223967919659422,0
14.086971654422003,0,33.86881870451065,0
0.2877568777770742,1,29.872042817710742,0
7.7523531563572545,0,87.74521409530277,0
3.3705975660559497,0,35.757848805561835,0
5.737193022627331,1,20.66223849234308,0
1.4700951170795347,0,8.66290580463773,0
10.02134797631582,0,36.84744287548164,0
17.942831112836753,1,25.2227088074564,0
9.413870509651913,0,50.240301517388566,0
1.1273291052192094,0,12.826758901813557,0
21.37139984790036,1,16.371061117370928,0
4.443307344913801,1,22.485755448291194,0
13.616260639203313,1,16.019115217773322,0
3.6205784615428547,1,18.806193223190366,0
6.185469152287465,0,20.466284587850105,0
9.686444227973563,1,67.91702374828277,0
12.547798461038413,1,3.522263711445132,0
